Date,day,OpenPrice,ClosePrice,DayHigh,DayLow,Volume
28/01/2019,1,82.17949677,81.89450073,82.25,80.70449829,96754000
29/01/2019,2,81.56349945,79.69400024,81.6190033,79.53600311,92656000
30/01/2019,3,81.15000153,83.52149963,83.84750366,80.98400116,115676000
31/01/2019,4,84.64250183,85.93650055,86.82050323,83.95400238,218206000
1/02/2019,5,81.94400024,81.31150055,83.65299988,81.10050201,230124000
4/02/2019,6,81.15000153,81.66549683,82.48149872,80.67500305,98582000
5/02/2019,7,82.16699982,82.94049835,83.26300049,82.125,89062000
6/02/2019,8,83.53749847,82.01300049,83.61299896,81.66699982,78798000
7/02/2019,9,81.25,80.71849823,81.27700043,79.64550018,92532000
8/02/2019,10,79.30000305,79.41100311,79.42949677,78.33799744,113150000
11/02/2019,11,80.0490036,79.55000305,80.46450043,79.30000305,66346000
12/02/2019,12,80.19999695,81.90049744,81.97000122,79.94400024,97172000
13/02/2019,13,82.34999847,82,82.81900024,81.85549927,71206000
14/02/2019,14,81.22499847,81.13249969,81.89499664,80.3030014,82410000
15/02/2019,15,81.39299774,80.39749908,81.44550323,80.22499847,86878000
19/02/2019,16,80.05000305,81.3789978,81.69999695,80.02799988,73634000
20/02/2019,17,81.5,81.10500336,81.74649811,80.5059967,66752000
21/02/2019,18,80.99250031,80.97200012,81.1780014,80.04550171,69668000
22/02/2019,19,81.17500305,81.57800293,81.74700165,81.0585022,61924000
25/02/2019,20,82.07250214,81.65000153,82.73000336,81.51950073,63690000
26/02/2019,21,81.2990036,81.81999969,81.99949646,80.8065033,53316000
27/02/2019,22,81.40899658,82.05449677,82.09049988,80.75499725,62976000
28/02/2019,23,81.76249695,81.99150085,82.58850098,81.6914978,60518000
1/03/2019,24,82.75650024,83.58650208,83.71299744,82.55000305,99498000
4/03/2019,25,84.25,84.8085022,85.47149658,83.71800232,123348000
5/03/2019,26,85.14749908,84.62149811,85.38999939,84.45050049,73630000
6/03/2019,27,84.79850006,83.44750214,84.88749695,83.41400146,79920000
7/03/2019,28,83.36849976,81.29750061,83.48750305,81.02549744,99140000
8/03/2019,29,80.20050049,81.04000092,81.13600159,79.32849884,93340000
11/03/2019,30,81.30599976,83.53099823,83.61450195,81.30049896,77528000
12/03/2019,31,83.44999695,83.65499878,84.21350098,83.0490036,72290000
13/03/2019,32,84.15000153,84.54049683,85,83.96749878,71040000
14/03/2019,33,84.55999756,84.31099701,85.09999847,84.21700287,58932000
15/03/2019,34,85.15000153,85.61799622,85.94000244,84.65650177,151018000
18/03/2019,35,85.63500214,87.10749817,87.5,85.63150024,108582000
19/03/2019,36,87.67549896,88.09249878,89.20800018,87.67549896,127284000
20/03/2019,37,88.49700165,89.8635025,89.97499847,88.35150146,125312000
21/03/2019,38,89.81300354,90.96299744,91.1875,89.36399841,115356000
22/03/2019,39,90.50849915,88.2385025,90.9489975,88.15550232,127260000
25/03/2019,40,87.88950348,88.71299744,89.13400269,87.375,102076000
26/03/2019,41,89.65000153,89.18800354,90.28849792,88.66799927,97318000
27/03/2019,42,89.20649719,88.28500366,89.375,87.28399658,86496000
28/03/2019,43,88.5,88.67099762,88.89649963,87.67350006,60860000
29/03/2019,44,89.32900238,89.03749847,89.64299774,88.83149719,66416000
1/04/2019,45,90.00550079,90.70950317,90.78350067,89.93650055,84776000
2/04/2019,46,90.5510025,90.6989975,91,90.2559967,68962000
3/04/2019,47,91.33599854,91.03500366,91.5,90.48100281,78522000
4/04/2019,48,91.03250122,90.94300079,91.4375,90.20999908,72478000
5/04/2019,49,91.44999695,91.86399841,91.92900085,91.2594986,72810000
8/04/2019,50,91.66149902,92.49299622,92.51000214,91.25550079,75056000
9/04/2019,51,92.27449799,91.79199982,92.65450287,91.58899689,74288000
10/04/2019,52,92.05000305,92.36650085,92.40000153,91.44049835,59280000
11/04/2019,53,92.43499756,92.20349884,92.49749756,92.01550293,53096000
12/04/2019,54,92.41999817,92.15299988,92.57499695,92.06500244,62288000
15/04/2019,55,92.09999847,92.24349976,92.34249878,90.94499969,74488000
16/04/2019,56,92.56749725,93.15200043,93.4885025,92.40000153,60892000
17/04/2019,57,93.64949799,93.24099731,93.82350159,93.02200317,57870000
18/04/2019,58,93.4394989,93.08450317,93.54100037,92.97399902,54998000
22/04/2019,59,92.76999664,94.3655014,94.42099762,92.28199768,67476000
23/04/2019,60,94.55999756,96.18849945,96.46299744,94.47899628,92808000
24/04/2019,61,96.25,95.08750153,96.48449707,94.90799713,73516000
25/04/2019,62,95.84999847,95.11250305,96.12249756,95.01550293,121982000
26/04/2019,63,96.44999695,97.53150177,97.55000305,94.90000153,168652000
29/04/2019,64,97.44999695,96.92150116,97.81700134,96.70449829,80426000
30/04/2019,65,96.50499725,96.3259964,96.78549957,95.34750366,70120000
1/05/2019,66,96.65450287,95.5759964,97.18199921,95.52749634,62340000
2/05/2019,67,95.66649628,95.04100037,96.07749939,94.09349823,79258000
3/05/2019,68,97.44999695,98.1230011,98.22000122,96.80000305,127632000
6/05/2019,69,95.89900208,97.52749634,97.94999695,95.52500153,108356000
7/05/2019,70,96.99949646,96.05000305,97.45500183,95.16899872,118042000
8/05/2019,71,95.9434967,95.8884964,96.76850128,95.5,81572000
9/05/2019,72,95,94.99349976,95.47000122,93.80000305,106166000
10/05/2019,73,94.90000153,94.49900055,95.1894989,92.80000305,114360000
13/05/2019,74,91.82800293,91.13400269,92.32700348,90.90000153,115668000
14/05/2019,75,91.97499847,92.0059967,92.62200165,90.78749847,92582000
15/05/2019,76,91.39749908,93.55750275,93.72149658,91.15000153,93852000
16/05/2019,77,94.29699707,95.37850189,95.87550354,94.11450195,94156000
17/05/2019,78,94.65249634,93.44999695,95.52649689,93.36650085,94732000
20/05/2019,79,92.6344986,92.94850159,93.38899994,91.77700043,75964000
21/05/2019,80,93.73950195,92.87599945,93.94999695,92.30000305,80102000
22/05/2019,81,92.58899689,92.98400116,93.57450104,92.55000305,58732000
23/05/2019,82,91.82949829,90.77400208,92.19999695,90.20999908,88486000
24/05/2019,83,91.79450226,91.16400146,92.08799744,90.89250183,67394000
28/05/2019,84,91.63749695,91.82150269,92.46350098,91.36750031,64000000
29/05/2019,85,91.15599823,90.95950317,91.5,90.37650299,85580000
30/05/2019,86,91.27449799,90.81600189,91.47350311,90.39150238,62938000
31/05/2019,87,89.50050354,88.75350189,89.77950287,88.63500214,92376000
3/06/2019,88,88.00050354,84.6344986,88.3144989,83.59999847,181974000
4/06/2019,89,84.96199799,86.47799683,86.54100037,84.04450226,113582000
5/06/2019,90,87.48000336,86.92500305,87.59999847,85.76249695,84796000
6/06/2019,91,86.88549805,87.71800232,88,86.3065033,73786000
7/06/2019,92,88.18499756,90.20149994,90.3125,87.97450256,96164000
10/06/2019,93,91.09999847,93.03150177,94.24349976,90.90000153,107420000
11/06/2019,94,94.16249847,93.18499756,94.68499756,92.90000153,80854000
12/06/2019,95,92.6989975,92.76599884,93.25,92.21900177,53566000
13/06/2019,96,93.33599854,93.51499939,94.15450287,93.11100006,55916000
14/06/2019,97,93.19999695,93.48349762,93.80000305,92.94999695,57024000
17/06/2019,98,93.82499695,94.30149841,94.78450012,93.77249908,52686000
18/06/2019,99,95.06749725,95.0684967,96.08350372,94.98950195,77914000
19/06/2019,100,95.39199829,95.4394989,95.97899628,94.62349701,57906000
20/06/2019,101,96.66649628,95.90950012,96.76000214,95.29000092,64344000
21/06/2019,102,95.80500031,95.56500244,96.29750061,95.3789978,78672000
24/06/2019,103,95.63300323,95.69499969,95.84300232,95.06500244,45660000
25/06/2019,104,95.59200287,93.91349792,95.81950378,93.6210022,60246000
26/06/2019,105,94.62400055,94.89150238,95.19000244,94.36599731,48838000
27/06/2019,106,95.09999847,95.21399689,95.56199646,94.90200043,42834000
28/06/2019,107,95.45500183,94.6815033,95.64700317,94.19999695,60748000
1/07/2019,108,96.14900208,96.10949707,96.49099731,95.73300171,63842000
2/07/2019,109,95.96900177,96.71549988,96.73950195,95.33149719,52918000
3/07/2019,110,96.79450226,96.94999695,97.07949829,96.52500153,33806000
5/07/2019,111,96.43000031,97.14550018,97.29499817,96.26499939,52568000
8/07/2019,112,96.70600128,97.61599731,97.80000305,96.41249847,57668000
9/07/2019,113,97.38999939,99.41500092,99.50050354,97.1740036,86914000
10/07/2019,114,99.82550049,100.8704987,101.2470016,99.76999664,98638000
11/07/2019,115,101.2809982,100.0534973,101.7900009,99.76499939,86356000
12/07/2019,116,100.4134979,100.5500031,100.8499985,100.1934967,50186000
15/07/2019,117,101.0699997,101.0494995,101.1449966,100.0774994,59626000
16/07/2019,118,100.5289993,100.4950027,101.3160019,100.060997,52364000
17/07/2019,119,100.3525009,99.60150146,100.5999985,99.60150146,51176000
18/07/2019,120,99.00050354,98.89499664,99.375,97.57749939,69738000
19/07/2019,121,99.5605011,98.22599792,99.80000305,98.1115036,63712000
22/07/2019,122,98.55699921,99.28150177,99.44999695,97.91300201,58000000
23/07/2019,123,99.79949951,99.72450256,99.88950348,98.65650177,54070000
24/07/2019,124,98.46499634,100.0404968,100.0650024,98.29350281,52626000
25/07/2019,125,100.0500031,98.69100189,100.0599976,98.63600159,82730000
26/07/2019,126,97.09999847,97.15249634,97.54499817,96.22550201,98542000
29/07/2019,127,96.5,95.62249756,96.6115036,94.52700043,89864000
30/07/2019,128,94.55599976,94.92649841,95.49449921,94.1740036,58218000
31/07/2019,129,94.90550232,93.33899689,94.97750092,92.47200012,89414000
1/08/2019,130,93.58599854,92.76599884,94.89600372,92.20050049,94266000
2/08/2019,131,92.25350189,91.16200256,92.31800079,90.40100098,99124000
5/08/2019,132,88.51100159,88.25650024,89.4335022,87.43900299,121164000
6/08/2019,133,89.6115036,89.39150238,89.68849945,87.66999817,101406000
7/08/2019,134,88.69950104,89.66999817,89.94650269,87.84999847,90538000
8/08/2019,135,90.30000305,91.64450073,91.71299744,89.90550232,74024000
9/08/2019,136,91.44750214,90.3789978,91.55449677,90.11100006,57596000
12/08/2019,137,89.79949951,89.2460022,90.0490036,88.84999847,58110000
13/08/2019,138,89.15000153,91.21700287,91.58699799,89,79880000
14/08/2019,139,89.65049744,88.14800262,89.78250122,87.86100006,97872000
15/08/2019,140,89.09950256,88.80599976,89.40000153,88.09799957,75182000
16/08/2019,141,89.64450073,89.62850189,90.14550018,89.22750092,60360000
19/08/2019,142,90.90399933,90.80599976,91.30000305,90.63050079,56326000
20/08/2019,143,90.72499847,90.06900024,90.84100342,89.9940033,38590000
21/08/2019,144,90.96949768,91.17700195,91.47899628,90.75,40636000
22/08/2019,145,91.40000153,90.23300171,91.47049713,90.00499725,53070000
23/08/2019,146,89.65149689,87.48100281,90.24500275,87.2614975,105416000
26/08/2019,147,88.34549713,88.4434967,88.5,87.17549896,61600000
27/08/2019,148,88.78649902,88.09149933,88.97000122,87.33399963,60394000
28/08/2019,149,87.75,88.21250153,88.39299774,87.20249939,48394000
29/08/2019,150,89.15000153,89.31999969,89.92749786,88.86250305,60302000
30/08/2019,151,89.87449646,88.8144989,89.98699951,88.22850037,61174000
3/09/2019,152,88.5,89.49199677,90.04000092,88.40000153,70860000
4/09/2019,153,90.25,90.03099823,90.38150024,89.81150055,46482000
5/09/2019,154,91.09750366,92.03600311,92.09999847,90.77899933,66216000
6/09/2019,155,91.91100311,91.67549896,92.03250122,91.31999969,49938000
9/09/2019,156,92.05000305,91.56749725,92.5,91.23049927,59990000
10/09/2019,157,91.13749695,91.02749634,91.29049683,90.26699829,52278000
11/09/2019,158,90.60700226,91.14949799,91.67099762,90.45400238,48656000
12/09/2019,159,91.88150024,92.17749786,92.68299866,91.71399689,56470000
13/09/2019,160,92.10050201,91.96700287,92.30599976,91.75849915,39426000
16/09/2019,161,91.2009964,90.39199829,91.28450012,90.01000214,73510000
17/09/2019,162,90.35399628,91.12750244,91.19950104,90.20500183,39648000
18/09/2019,163,90.85199738,90.8730011,91.10299683,89.77500153,50112000
19/09/2019,164,91.0510025,91.07499695,91.62850189,90.89499664,40630000
20/09/2019,165,91.08550262,89.70800018,91.53150177,89.04599762,106838000
23/09/2019,166,88.84999847,89.26499939,89.63500214,88.36599731,58446000
24/09/2019,167,89.53050232,87.08049774,89.78549957,86.77749634,92320000
25/09/2019,168,87.36799622,88.41649628,88.65000153,86.15000153,69864000
26/09/2019,169,88.13950348,86.99199677,88.16850281,86.57499695,70736000
27/09/2019,170,87.40000153,86.27249908,87.45600128,85.69100189,78144000
30/09/2019,171,86.34950256,86.79550171,86.8730011,85.46099854,52894000
1/10/2019,172,87.30000305,86.78250122,87.77999878,86.42050171,61690000
2/10/2019,173,86.38700104,85.66149902,86.44450378,85.25,66022000
3/10/2019,174,85.65000153,86.22100067,86.25,84.25299835,69364000
4/10/2019,175,86.3010025,86.98249817,87.02899933,85.96150208,49438000
7/10/2019,176,86.58149719,86.63300323,87.39150238,86.18499756,43094000
8/10/2019,177,86.12449646,85.27549744,86.34999847,85.25,50840000
9/10/2019,178,85.98049927,86.09950256,86.49749756,85.71800232,40870000
10/10/2019,179,86.26200104,86.01300049,86.91449738,85.6875,51504000
11/10/2019,180,87.14600372,86.59600067,87.27249908,86.49299622,65100000
14/10/2019,181,86.44550323,86.82150269,87.09449768,86.09999847,38204000
15/10/2019,182,87.10700226,88.3690033,88.82250214,87.03099823,62234000
16/10/2019,183,88.66649628,88.87149811,89.31199646,88.52600098,55268000
17/10/2019,184,89.82450104,89.37400055,89.94249725,89.10099792,52948000
18/10/2019,185,89.38999939,87.87550354,89.6989975,87.45999908,67250000
21/10/2019,186,88.48300171,89.28299713,89.29399872,88.25,42608000
22/10/2019,187,89.40750122,88.28649902,89.48899841,88.09999847,42234000
23/10/2019,188,88.06500244,88.10849762,88.50250244,87.09999847,42764000
24/10/2019,189,88.55449677,89.03900146,89.41699982,88.0134964,88922000
25/10/2019,190,84.87750244,88.0664978,88.21050262,84.75,192528000
28/10/2019,191,87.40299988,88.85399628,88.93499756,87.125,74178000
29/10/2019,192,88.7405014,88.13549805,88.84999847,87.79049683,45538000
30/10/2019,193,88.01200104,88.99949646,89.1190033,87.95600128,48988000
31/10/2019,194,88.79949951,88.83300018,89.59999847,88.5739975,55624000
1/11/2019,195,89.40049744,89.5719986,89.87249756,89.26049805,55808000
4/11/2019,196,90.05049896,90.23300171,90.75299835,90.05049896,55438000
5/11/2019,197,90.45800018,90.08550262,90.51249695,89.69999695,37710000
6/11/2019,198,90.05000305,89.78849792,90.125,89.42900085,40596000
7/11/2019,199,90.18800354,89.41000366,90.29499817,89.1740036,53022000
8/11/2019,200,89.39450073,89.29399872,89.4940033,88.70200348,42466000
11/11/2019,201,88.90000153,88.58249664,89,88.35649872,38920000
12/11/2019,202,88.73300171,88.90000153,89.31099701,88.59549713,40752000
13/11/2019,203,88.66950226,87.65550232,88.75,87.36599731,59790000
14/11/2019,204,87.57150269,87.73000336,88.32949829,87.47799683,45296000
15/11/2019,205,88.00250244,86.97450256,88.08399963,86.64299774,78552000
18/11/2019,206,86.91500092,87.62650299,87.68499756,86.13549805,56790000
19/11/2019,207,87.84950256,87.63950348,88.03399658,87.15149689,45416000
20/11/2019,208,87.45700073,87.27649689,88.12599945,86.70600128,55800000
21/11/2019,209,87.15000153,86.73549652,87.34349823,86.51799774,53258000
22/11/2019,210,86.9509964,87.28600311,87.32150269,86.55000305,49582000
25/11/2019,211,87.66249847,88.69200134,88.8710022,87.66200256,69724000
26/11/2019,212,88.9960022,89.84700012,89.85150146,88.91750336,63624000
27/11/2019,213,90.05000305,90.92549896,91.22499847,89.8655014,60512000
29/11/2019,214,90.88899994,90.04000092,91.23449707,90.03949738,38468000
2/12/2019,215,90.22000122,89.08000183,90.27749634,88.13400269,78512000
3/12/2019,216,88,88.4980011,88.64350128,87.3615036,67618000
4/12/2019,217,88.70050049,88.03450012,89.45449829,88.01100159,53402000
5/12/2019,218,88.17500305,87.02400208,88.17500305,87,56476000
6/12/2019,219,87.55999756,87.58000183,87.72000122,87.00650024,62348000
9/12/2019,220,87.53299713,87.47550201,88.34449768,87.28050232,48856000
10/12/2019,221,87.37000275,86.96050262,87.53350067,86.75,50286000
11/12/2019,222,87.08350372,87.43599701,87.5,86.78549957,41952000
12/12/2019,223,87.5,88.01650238,88.19999695,87.27200317,61918000
13/12/2019,224,88.25,88.04699707,88.44950104,87.75,54914000
16/12/2019,225,88.34999847,88.46050262,88.47499847,87.85250092,62904000
17/12/2019,226,88.90049744,89.53299713,89.59999847,88.86949921,72888000
18/12/2019,227,89.75099945,89.20149994,89.91000366,89.11799622,67028000
19/12/2019,228,89.02500153,89.61399841,89.64949799,88.70300293,53056000
20/12/2019,229,89.98100281,89.32499695,90.14849854,89.12249756,103016000
23/12/2019,230,89.41300201,89.65000153,89.65000153,89.22550201,42728000
24/12/2019,231,89.69049835,89.46050262,89.77850342,89.3789978,17626000
26/12/2019,232,90.05049896,93.43849945,93.52300262,89.97499847,120108000
27/12/2019,233,94.14600372,93.48999786,95.06999969,93.30049896,123732000
30/12/2019,234,93.69999695,92.34449768,94.19999695,92.03099823,73494000
31/12/2019,235,92.09999847,92.39199829,92.66300201,91.6115036,50130000
2/01/2020,236,93.75,94.90049744,94.90049744,93.20749664,80580000
3/01/2020,237,93.22499847,93.74849701,94.30999756,93.22499847,75288000
6/01/2020,238,93,95.14399719,95.18450165,93,81236000
7/01/2020,239,95.22499847,95.34300232,95.69450378,94.60199738,80898000
8/01/2020,240,94.90200043,94.59850311,95.55000305,94.3219986,70160000
9/01/2020,241,95.49449921,95.05249786,95.89099884,94.79000092,63346000
10/01/2020,242,95.26850128,94.15799713,95.34700012,94,57074000
13/01/2020,243,94.56549835,94.56500244,94.90000153,94.04000092,55616000
14/01/2020,244,94.29399872,93.47200012,94.35549927,92.92749786,68818000
15/01/2020,245,93.61250305,93.10099792,93.94300079,92.75450134,57932000
16/01/2020,246,94.14949799,93.89700317,94.27950287,93.3010025,53190000
17/01/2020,247,94.29450226,93.23600006,94.33200073,92.86250305,79946000
21/01/2020,248,93.25,94.59999847,94.71350098,93,74156000
22/01/2020,249,94.80449677,94.3730011,95.125,94.16699982,64326000
23/01/2020,250,94.25550079,94.22899628,94.49900055,93.63800049,49692000
24/01/2020,251,94.5684967,93.08200073,94.74949646,92.37200165,75324000
27/01/2020,252,91,91.41699982,92.05000305,90.76699829,70570000
28/01/2020,253,92.02500153,92.66249847,92.90550232,91.50099945,56160000
29/01/2020,254,93.19999695,92.90000153,93.73750305,92.75099945,41760000
30/01/2020,255,92.90000153,93.53399658,93.64350128,92.53050232,126548000
31/01/2020,256,102.5735016,100.435997,102.7860031,100.1135025,311346000
3/02/2020,257,100.5299988,100.2099991,102.4250031,100.0124969,117834000
4/02/2020,258,101.4940033,102.4834976,102.9899979,100.7685013,105786000
5/02/2020,259,103.5510025,101.9934998,103.5510025,101.5999985,87524000
6/02/2020,260,102.0510025,102.5114975,102.8150024,101.2399979,63660000
7/02/2020,261,102.0995026,103.9639969,104.9264984,101.9049988,101906000
10/02/2020,262,104.2505035,106.6955032,106.7799988,104.2480011,101124000
11/02/2020,263,107.5449982,107.5400009,109.2975006,106.8000031,114920000
12/02/2020,264,108.1600037,108,109.0124969,107.7645035,66686000
13/02/2020,265,107.2494965,107.4934998,108.5139999,107.0999985,60636000
14/02/2020,266,107.7839966,106.7434998,107.9520035,106.2945023,52124000
18/02/2020,267,106.2509995,107.7835007,108.3034973,106.2054977,58912000
19/02/2020,268,108.3899994,108.5110016,109.2549973,108.0559998,51224000
20/02/2020,269,108.6535034,107.6549988,108.8395004,106.3724976,62626000
21/02/2020,270,107.1074982,104.7985001,107.2275009,104.4000015,92926000
24/02/2020,271,100.1589966,100.4645004,101.9649963,99.39849854,130940000
25/02/2020,272,101.3209991,98.63700104,101.7300034,97.92099762,124382000
26/02/2020,273,98.51399994,98.97949982,100.7334976,98.02249908,104492000
27/02/2020,274,96.71900177,94.21499634,98.75,94.13800049,162880000
28/02/2020,275,90.73149872,94.1875,94.48799896,90.5565033,189620000
2/03/2020,276,95.32450104,97.69750214,97.72550201,93.5,135234000
3/03/2020,277,98.76850128,95.44950104,99.8164978,94.40450287,150690000
4/03/2020,278,97.32849884,98.79149628,98.90000153,96.09999847,95458000
5/03/2020,279,96.65000153,96.20149994,98.03600311,95.5,94964000
6/03/2020,280,93.75,95.05449677,95.54350281,93.47499847,105472000
9/03/2020,281,88.69300079,90.03050232,93.1384964,88.0644989,156264000
10/03/2020,282,93.54399872,94.59100342,94.71350098,90.90850067,142666000
11/03/2020,283,92.89250183,91.04299927,93.56600189,90.07499695,112496000
12/03/2020,284,86.09899902,83.83049774,88.25,83.75,226924000
13/03/2020,285,87.75,89.25,89.31549835,84.03099823,176194000
16/03/2020,286,82.07550049,84.45749664,87.97250366,81.30149841,178346000
17/03/2020,287,88.77349854,90.39199829,92.88899994,84.46199799,218342000
18/03/2020,288,87.5,91.5,92.08300018,87.25,192904000
19/03/2020,289,93,94.04650116,97.25,91.63249969,207998000
20/03/2020,290,96.31549835,92.30449677,97.84999847,91.03649902,196358000
23/03/2020,291,91.38749695,95.14150238,95.97000122,90.59999847,156170000
24/03/2020,292,97.57499695,97.00499725,97.75,95.01699829,142942000
25/03/2020,293,96.03450012,94.29199982,97.51300049,94.28900146,129582000
26/03/2020,294,95.09999847,97.77449799,97.82450104,94.46450043,124426000
27/03/2020,295,96.54299927,95.00499725,96.98950195,94.9960022,107758000
30/03/2020,296,96.14150238,98.19750214,98.6815033,95.61699677,122522000
31/03/2020,297,98.21749878,97.48600006,99.65100098,97.20050049,102472000
1/04/2020,298,96.64849854,95.38500214,97.2480011,94.65000153,82438000
2/04/2020,299,95.08200073,95.9414978,96.37650299,94.5,86720000
3/04/2020,300,95.55750275,95.32949829,96.3164978,94.45749664,72198000
6/04/2020,301,96.80000305,99.87950134,99.9260025,96.50099945,115464000
7/04/2020,302,100.8554993,100.5800018,101.7860031,99.8809967,102280000
8/04/2020,303,101.0500031,102.1500015,102.1999969,100.5575027,79546000
9/04/2020,304,102.2149963,102.1380005,102.6500015,100.8830032,92930000
13/04/2020,305,102,108.4434967,109,101.9000015,134334000
14/04/2020,306,110.0234985,114.1660004,114.5999985,109.3105011,161744000
15/04/2020,307,112.8840027,115.3840027,116.6685028,112.25,137332000
16/04/2020,308,117.3000031,120.4095001,123.0500031,116.75,240764000
17/04/2020,309,118.6165009,118.75,120,115.8010025,158600000
20/04/2020,310,119.4974976,119.6804962,122.2490005,119.3024979,115414000
21/04/2020,311,120.8304977,116.4059982,121.4154968,113.9830017,149534000
22/04/2020,312,118.4499969,118.1744995,119.6999969,117.5500031,84244000
23/04/2020,313,119.9990005,119.9725037,121.2109985,119.1039963,101332000
24/04/2020,314,120.8499985,120.5110016,121.0214996,119.0999985,76498000
27/04/2020,315,122.1600037,118.8000031,122.2440033,118.1500015,112912000
28/04/2020,316,118.6050034,115.7040024,118.6750031,115.3000031,105388000
29/04/2020,317,116.5005035,118.635498,119.5944977,115.5,91832000
30/04/2020,318,120.9919968,123.6999969,123.75,119.800499,190692000
1/05/2020,319,116.8399963,114.302002,118.1220016,112.9095001,195452000
4/05/2020,320,112.8190002,115.7994995,116.348999,112.8190002,97318000
5/05/2020,321,117,115.8899994,117.5500031,115.3564987,64850000
6/05/2020,322,116.4720001,117.5630035,117.8724976,116,62356000
7/05/2020,323,118.7389984,118.3805008,118.8000031,117.1555023,67928000
8/05/2020,324,118.6070023,118.9804993,119.3619995,117.8499985,64132000
11/05/2020,325,118.7350006,120.4499969,120.9834976,118.6054993,65184000
12/05/2020,326,120.5924988,117.8475037,120.9499969,117.75,61498000
13/05/2020,327,118.3399963,118.3960037,120.3850021,116.8899994,95658000
14/05/2020,328,118.050499,119.4424973,119.5684967,117.6604996,72962000
15/05/2020,329,118.4260025,120.4889984,120.5500031,117.8184967,84700000
18/05/2020,330,120.2174988,121.3130035,121.6500015,119.2005005,87144000
19/05/2020,331,121.4915009,122.4664993,124.25,121.4485016,86410000
20/05/2020,332,123.8935013,124.8970032,125.0005035,123.3635025,79962000
21/05/2020,333,125,122.336998,126.2724991,122.1269989,102288000
22/05/2020,334,122.7505035,121.8440018,123.4925003,121.5065002,57342000
26/05/2020,335,122.9000015,121.0930023,123.0999985,120.7030029,71364000
27/05/2020,336,120.2494965,120.5195007,120.6790009,116.5,101138000
28/05/2020,337,119.2164993,120.0550003,121.8485031,118.911499,63804000
29/05/2020,338,120.7969971,122.1184998,122.1184998,119.9100037,70198000
1/06/2020,339,122.4000015,123.552002,123.8464966,122.2085037,58578000
2/06/2020,340,123.3499985,123.6204987,123.6764984,122.2655029,50598000
3/06/2020,341,123.4004974,123.9199982,124.4000015,123.0585022,53420000
4/06/2020,342,123.8714981,123.0299988,125.3769989,122.5005035,58974000
5/06/2020,343,122.225502,124.1500015,124.4325027,121.8564987,66128000
8/06/2020,344,125.0100021,126.2030029,126.5,124.3669968,79414000
9/06/2020,345,126.4720001,130.0429993,131.3215027,126.25,103520000
10/06/2020,346,132.25,132.3724976,136.1174927,131.3130035,98920000
11/06/2020,347,130.1750031,127.8980026,133.5690002,126.8115005,116002000
12/06/2020,348,130.0605011,127.2509995,131.0740051,125.1675034,108722000
15/06/2020,349,126.3300018,128.6340027,129.1999969,125.4000015,77302000
16/06/2020,350,131,130.763504,131,128.8000031,71712000
17/06/2020,351,132.375,132.048996,132.75,131.5910034,59186000
18/06/2020,352,132.3504944,132.6990051,132.9819946,131.8054962,49756000
19/06/2020,353,133.904007,133.7505035,134.8715057,132.9499969,115540000
22/06/2020,354,134.2250061,135.6909943,135.75,133.4499969,64176000
23/06/2020,355,136.3009949,138.2205048,139.1555023,135.9019928,84634000
24/06/2020,356,139,136.7200012,139.8000031,136.0500031,90532000
25/06/2020,357,136.9774933,137.7290039,137.8114929,135.6069946,59374000
26/06/2020,358,138.753006,134.6434937,139.1284943,134.3999939,130016000
29/06/2020,359,134.5005035,134.0189972,134.8399963,131.5039978,84468000
30/06/2020,360,134.2534943,137.9409943,138.4815063,133.7514954,75394000
1/07/2020,361,137.8995056,143.9349976,144.75,137.6999969,127268000
2/07/2020,362,145.6004944,144.5149994,147.7779999,143.5549927,131868000
6/07/2020,363,146.7485046,152.852005,152.9940033,146.5,137612000
7/07/2020,364,152.9275055,150.0059967,153.4774933,149.5,105150000
8/07/2020,365,151.1304932,154.0554962,154.1985016,150.6215057,100752000
9/07/2020,366,155.7994995,159.1315002,159.6940002,153.6999969,127774000
10/07/2020,367,159.5879974,160,160.75,156.7850037,109720000
13/07/2020,368,162.5529938,155.1999969,167.2144928,153.4194946,154408000
14/07/2020,369,154.4499969,154.1999969,156.3690033,147.5,144638000
15/07/2020,370,154.0115051,150.4434967,154.9174957,148.6589966,115778000
16/07/2020,371,148.5529938,149.9949951,151.6000061,145.911499,127884000
17/07/2020,372,150.4499969,148.0984955,151.1999969,147.4225006,95226000
20/07/2020,373,150.0099945,159.8419952,160.0679932,149.701004,151964000
21/07/2020,374,161.6244965,156.914505,162.029007,155.2859955,122426000
22/07/2020,375,156.25,154.9954987,157.5,153.2630005,82084000
23/07/2020,376,154.9134979,149.3274994,154.9134979,148.5,113138000
24/07/2020,377,146.5,150.4454956,151.5789948,144.3999939,112648000
27/07/2020,378,153.1000061,152.760498,154.8999939,150.7884979,83410000
28/07/2020,379,152.713501,150.0164948,153.8545074,149.7879944,62534000
29/07/2020,380,151.5494995,151.6764984,151.9579926,149.838501,59482000
30/07/2020,381,150.6999969,152.5939941,154.6000061,150.25,122566000
31/07/2020,382,162.1999969,158.2339935,162.3410034,157.5500031,161710000
3/08/2020,383,159.0254974,155.5944977,159.1999969,155.1999969,101494000
4/08/2020,384,155.0605011,156.9414978,158.3619995,155.0605011,93886000
5/08/2020,385,157.1885071,160.2514954,160.6795044,156.3650055,78330000
6/08/2020,386,159.7180023,161.25,162.3735046,158.2714996,78812000
7/08/2020,387,161.2005005,158.3730011,162.0404968,157.033493,78722000
10/08/2020,388,158.5155029,157.4080048,158.6255035,155.076004,63346000
11/08/2020,389,155.6600037,154.033493,157.9609985,153.6499939,74362000
12/08/2020,390,155.3999939,158.1119995,158.7194977,155.0709991,70442000
13/08/2020,391,159.1495056,158.0509949,160.8760071,157.75,62980000
14/08/2020,392,158.9089966,157.401001,158.9120026,156,55034000
17/08/2020,393,158.6560059,159.1204987,159.7485046,157.7089996,53824000
18/08/2020,394,160.6000061,165.6244965,166,160.2910004,106920000
19/08/2020,395,165.1504974,163.0240021,165.7949982,162.8000031,83702000
20/08/2020,396,162.6000061,164.8684998,165.6309967,161.8999939,66650000
21/08/2020,397,164.75,164.2359924,165.7200012,163.7695007,71518000
24/08/2020,398,165.5075073,165.3730011,169.0160065,162.878006,93326000
25/08/2020,399,164.7494965,167.3244934,167.8699951,163.3500061,79856000
26/08/2020,400,167.5554962,172.0924988,172.5870056,167.2285004,130174000
27/08/2020,401,172.5025024,170,172.6499939,168.8999939,85296000
28/08/2020,402,171.1499939,170.0899963,171.6685028,169.3249969,57940000
31/08/2020,403,170.4494934,172.5480042,174.75,170.25,83718000
1/09/2020,404,174.4790039,174.9559937,175.6934967,173.3500061,68644000
2/09/2020,405,177.3500061,176.5724945,177.6125031,174.3345032,78630000
3/09/2020,406,174.25,168.3999939,174.4205017,165.1499939,163222000
4/09/2020,407,165.8999939,164.7310028,169.0749969,155.5565033,175636000
8/09/2020,408,157.1999969,157.4920044,162.5424957,156.5,121884000
9/09/2020,409,160.1495056,163.4304962,165.1589966,159.25,103774000
10/09/2020,410,165.3609924,158.7554932,167.4945068,158.5274963,106614000
11/09/2020,411,160.434494,155.8110046,160.8670044,154.1990051,101880000
14/09/2020,412,158.6470032,155.1484985,159.3695068,154.8000031,90592000
15/09/2020,413,156.8079987,157.8065033,158.7510071,155.4459991,80430000
16/09/2020,414,158.9994965,153.9049988,159.3619995,153.7075043,90244000
17/09/2020,415,150.4624939,150.4364929,151.4714966,148.6275024,128982000
18/09/2020,416,151.5870056,147.7454987,151.8899994,145.2769928,177852000
21/09/2020,417,145.3249969,148.0234985,148.1000061,143.5500031,122358000
22/09/2020,418,151.6920013,156.4494934,156.6994934,150.0099945,138976000
23/09/2020,419,156.0214996,149.9929962,156.3500061,149.6190033,113054000
24/09/2020,420,148.8894958,150.989502,153.4649963,148.25,110588000
25/09/2020,421,152.7429962,154.7565002,155.0769958,149.9499969,92304000
28/09/2020,422,157.4425049,158.7024994,158.7519989,155.8585052,84484000
29/09/2020,423,158.7695007,157.2440033,159.4129944,156.6269989,69916000
30/09/2020,424,157.0570068,157.4364929,160.6439972,156.6994934,97922000
1/10/2020,425,160.3999939,161.0630035,161.1999969,158.6000061,99438000
2/10/2020,426,157.6815033,156.25,159.7899933,156.1499939,112262000
5/10/2020,427,157.2920074,159.9600067,160.1264954,157.0424957,75506000
6/10/2020,428,158.25,154.9980011,159.1000061,154.5,101738000
7/10/2020,429,156.75,159.7845001,160,156.6195068,86188000
8/10/2020,430,161.2494965,159.5274963,161.664505,158.7494965,63482000
9/10/2020,431,160.5,164.3325043,164.4494934,159.8914948,98158000
12/10/2020,432,167.496994,172.1464996,174.8119965,166.9774933,167284000
13/10/2020,433,173.3995056,172.1815033,174.6190033,171.2109985,114894000
14/10/2020,434,172.3500061,168.1855011,173.2440033,167,116254000
15/10/2020,435,164.6004944,166.9324951,167.7940063,164,104468000
16/10/2020,436,168.161499,163.635498,169.9830017,158,129488000
19/10/2020,437,164.9804993,160.3605042,166.4499969,159.6369934,104472000
20/10/2020,438,161.1139984,160.8504944,163.3000031,159.6004944,90194000
21/10/2020,439,160.625,159.246994,161.6940002,158,91854000
22/10/2020,440,159.4934998,158.8200073,159.9375,156.0970001,84240000
23/10/2020,441,159.5500031,160.2200012,160.2664948,157,69334000
26/10/2020,442,159.9369965,160.352005,164.1490021,157.6649933,118024000
27/10/2020,443,161.246994,164.3164978,164.5829926,160.5650024,85820000
28/10/2020,444,162.4649963,158.1390076,163.201004,158.1235046,111766000
29/10/2020,445,160.0635071,160.5505066,162.8625031,158.1999969,131930000
30/10/2020,446,157.8874969,151.8074951,158.3500061,150.9499969,167728000
2/11/2020,447,153.0870056,150.223999,153.9855042,147.5059967,145148000
3/11/2020,448,150.9264984,152.4205017,153.7449951,149.048996,97958000
4/11/2020,449,157.9994965,162.0579987,162.2424927,156.986496,136780000
5/11/2020,450,165.9985046,166.1000061,168.3399963,164.4440002,115786000
6/11/2020,451,165.2319946,165.5684967,166.1000061,161.6000061,92946000
9/11/2020,452,161.5514984,157.1869965,164.4499969,155.6054993,143808000
10/11/2020,453,154.7510071,151.7510071,155.6999969,150.973999,131820000
11/11/2020,454,153.0890045,156.8695068,156.9575043,152.5,87338000
12/11/2020,455,157.9974976,155.5140076,158.7940063,154.3025055,87240000
13/11/2020,456,156.1000061,156.440506,157.0859985,154.2695007,75124000
16/11/2020,457,154.6600037,156.5529938,157.1349945,153.6345062,76174000
17/11/2020,458,159.177002,156.7830048,159.4624939,156.7630005,68894000
18/11/2020,459,156.6999969,155.272995,157,155.2550049,58336000
19/11/2020,460,155.2655029,155.8509979,156.25,154.0460052,60206000
20/11/2020,461,155.8509979,154.9700012,156.6445007,154.9024963,67488000
23/11/2020,462,155.8350067,154.9194946,156.9875031,153.272995,94178000
24/11/2020,463,155.0249939,155.9029999,156.7124939,154.3130035,72042000
25/11/2020,464,157.0935059,159.2534943,159.8999939,157.0130005,75808000
27/11/2020,465,160.5630035,159.7669983,160.809494,159.5025024,47858000
30/11/2020,466,160.423996,158.4019928,161.4194946,156.2774963,81278000
1/12/2020,467,159.4250031,161.0039978,162.4474945,157.8589935,90740000
2/12/2020,468,161.0825043,160.1764984,161.6000061,158.6629944,62586000
3/12/2020,469,160.272995,159.3365021,161.4320068,159.065506,57840000
4/12/2020,470,159.9105072,158.1289978,159.9105072,157.9380035,58272000
7/12/2020,471,157.8240051,157.8999939,159.0379944,157.0845032,55026000
8/12/2020,472,157.9450073,158.864502,159.2064972,156.0010071,65726000
9/12/2020,473,158.3945007,155.2100067,158.7214966,154.3999939,82016000
10/12/2020,474,154.4494934,155.0744934,157.1049957,153.8000031,60604000
11/12/2020,475,154.8329926,155.8209991,155.9335022,153.6410065,61294000
14/12/2020,476,157.1499939,157.8484955,159.5234985,156.3000031,83116000
15/12/2020,477,159.0505066,158.2559967,159.4250031,156.5245056,66390000
16/12/2020,478,158.8005066,162.0480042,162.3500061,158.1840057,88552000
17/12/2020,479,162.5,161.8040009,163.1755066,161.0500031,69486000
18/12/2020,480,162.1994934,160.0825043,162.470993,158.5800018,119914000
21/12/2020,481,160.0005035,160.3090057,161.3484955,158.3000031,76736000
22/12/2020,482,160.1419983,160.326004,161.1000061,159.0039978,47388000
23/12/2020,483,160.25,159.263504,160.5065002,159.2084961,41876000
24/12/2020,484,159.6950073,158.6345062,160.1000061,158.4499969,29038000
28/12/2020,485,159.6999969,164.197998,165.1999969,158.6345062,113736000
29/12/2020,486,165.496994,166.1000061,167.5325012,164.0610046,97458000
30/12/2020,487,167.0500031,164.2924957,167.1049957,164.1235046,64186000
31/12/2020,488,163.75,162.8464966,164.1459961,162.0599976,59144000
4/01/2021,489,163.5,159.3314972,163.6000061,157.201004,88228000
5/01/2021,490,158.3005066,160.9255066,161.1690063,158.253006,53110000
6/01/2021,491,157.3240051,156.9190063,159.8755035,156.5579987,87896000
7/01/2021,492,157.8500061,158.1080017,160.427002,157.75,70290000
8/01/2021,493,159,159.1349945,159.5319977,157.1100006,70754000
11/01/2021,494,157.4004974,155.710495,157.8190002,155.5,73668000
12/01/2021,495,156,156.0415039,157.1069946,154.3000031,70292000
13/01/2021,496,156.4219971,158.2944946,159.4974976,156.1040039,66424000
14/01/2021,497,158.3760071,156.3735046,158.8999939,156.0294952,61418000
15/01/2021,498,156.151001,155.2124939,157.1275024,154.7584991,84880000
19/01/2021,499,155.3500061,156.0379944,157.25,154.8000031,66102000
20/01/2021,500,159.0995026,163.1690063,163.9900055,158.75,106196000
21/01/2021,501,164.6499939,165.3495026,167.4275055,164.4785004,98722000
22/01/2021,502,165.2154999,164.611496,166.0955048,164.1580048,56438000
25/01/2021,503,166.4250031,164.6999969,168.1945038,162.1575012,74996000
26/01/2021,504,164.8179932,166.3065033,166.8999939,164.1434937,59104000
27/01/2021,505,167.0744934,161.6289978,167.326004,160.3540039,93204000
28/01/2021,506,161.7519989,161.8809967,165.0839996,161.434494,62984000
29/01/2021,507,161.5,160.3099976,161.8495026,159.2274933,85872000
1/02/2021,508,162.1179962,167.1439972,167.5130005,161.7514954,83204000
2/02/2021,509,169,169,171.3869934,168.0565033,141972000
3/02/2021,510,171.2505035,165.6264954,171.6999969,165.4309998,141776000
4/02/2021,511,166.5,166.5500031,167.3500061,163.8874969,73414000
5/02/2021,512,165.9499969,167.6074982,168.8500061,165.135498,72416000
8/02/2021,513,167.9250031,166.1470032,168.25,165.1999969,65148000
9/02/2021,514,165.6244965,165.25,166.8999939,164.8919983,44070000
10/02/2021,515,165.6999969,164.3289948,165.8975067,162.6999969,63032000
11/02/2021,516,164.6000061,163.1065063,164.6000061,162.4029999,46028000
12/02/2021,517,162.5,163.885498,164.0124969,161.6654968,46706000
16/02/2021,518,162.7024994,163.4474945,165.4149933,162.6795044,51494000
17/02/2021,519,163.1799927,165.4320068,166.0455017,162.9750061,65950000
18/02/2021,520,164.1210022,166.411499,166.8999939,163.6970062,60548000
19/02/2021,521,166.411499,162.4949951,166.6750031,162.2875061,86104000
22/02/2021,522,160.4064941,159.0370026,161.6159973,158.6130066,70314000
23/02/2021,523,156.3515015,159.7250061,160.236496,154.6799927,93544000
24/02/2021,524,158.3374939,157.9765015,158.5614929,156.2689972,60226000
25/02/2021,525,156.8370056,152.8580017,158.9129944,152.3880005,90676000
26/02/2021,526,154.7599945,154.6464996,156.121994,151.8350067,85518000
1/03/2021,527,156.3945007,157.3070068,157.4779968,154.8995056,54582000
2/03/2021,528,157.1734924,154.7265015,158.1759949,154.3560028,51916000
3/03/2021,529,154.0590057,150.25,155.3890076,149.75,79774000
4/03/2021,530,150.6000061,148.8784943,152.9064941,147.2714996,109632000
5/03/2021,531,150.25,150.022995,150.4499969,144.0500031,107772000
8/03/2021,532,150.75,147.5975037,153.2295074,147.565506,83700000
9/03/2021,533,150.8995056,153.1425018,154.5480042,150.2575073,80600000
10/03/2021,534,154.9225006,152.8820038,155.822998,151.5025024,60250000
11/03/2021,535,155.2005005,155.6795044,156.5890045,154.1464996,55528000
12/03/2021,536,153.75,154.4745026,154.9490051,152.2749939,48438000
15/03/2021,537,153.7285004,154.0839996,154.1119995,151.6045074,58272000
16/03/2021,538,155.2485046,154.5930023,156.4454956,153.7929993,50776000
17/03/2021,539,153.6609955,156.786499,158.6524963,153.5110016,62372000
18/03/2021,540,155.0500031,151.3995056,155.8314972,151.25,72992000
19/03/2021,541,151.4615021,153.7480011,153.864502,150.8314972,92508000
22/03/2021,542,153.3925018,155.5435028,156.3289948,153.0025024,58044000
23/03/2021,543,156.3500061,156.875,159.1000061,156.0424957,76346000
24/03/2021,544,157.552002,154.3535004,158.0155029,154.2575073,59180000
25/03/2021,545,153.6495056,152.3130035,155.4889984,151.8569946,71270000
26/03/2021,546,152.2030029,152.6015015,152.8329926,149.8000031,66258000
29/03/2021,547,152.7720032,153.786499,154.5625,151.4225006,54920000
30/03/2021,548,153.5005035,152.7644958,153.6499939,151.6999969,46752000
31/03/2021,549,153.2030029,154.7039948,155.966507,153.125,61878000
1/04/2021,550,155.8970032,158.0500031,158.121994,155.7774963,58806000
5/04/2021,551,158.6499939,161.3365021,161.7980042,158.0619965,66698000
6/04/2021,552,161.1875,161.1909943,162.3654938,160.852005,50756000
7/04/2021,553,161.6900024,163.9694977,165.1804962,161.1824951,66924000
8/04/2021,554,165.5449982,164.9649963,166.2250061,164.6000061,56242000
9/04/2021,555,165.2350006,168.6100006,168.6100006,164.4450073,86830000
12/04/2021,556,167.760498,168.9694977,169.7519989,167.5574951,65636000
13/04/2021,557,170.0424957,170,171.6000061,169.7814941,66316000
14/04/2021,558,170.2019958,166.6499939,170.2064972,166.3000031,62904000
15/04/2021,559,168.5500031,168.9544983,169.8500061,167.6000061,64672000
16/04/2021,560,169,169.9720001,170.3399963,167.7794952,63720000
19/04/2021,561,169.5164948,168.6004944,171.7964935,168.0079956,54508000
20/04/2021,562,168.6799927,166.7344971,169.1495056,165.8000031,52460000
21/04/2021,563,165.8000031,168.1009979,168.1430054,165.190506,44224000
22/04/2021,564,168.5839996,165.4519958,168.6434937,165.0724945,51612000
23/04/2021,565,165.9550018,167.0440063,168.75,165.4250031,63856000
26/04/2021,566,167.3999939,170.4499969,171.4225006,166.5469971,97614000
27/04/2021,567,172.1734924,170.8715057,173,169.9004974,76542000
28/04/2021,568,171.7400055,172.9250031,174.4940033,171.25,92638000
29/04/2021,569,175.2550049,173.565506,175.7225037,171.75,153648000
30/04/2021,570,176.2559967,173.3710022,177.6999969,173.125,140186000
3/05/2021,571,174.236496,169.3244934,174.3325043,168.6349945,117510000
4/05/2021,572,167.809494,165.5935059,168.3990021,163.6065063,108788000
5/05/2021,573,166.9429932,163.5269928,167.7350006,163.2180023,74226000
6/05/2021,574,163.5,165.3184967,165.7200012,162.3600006,88954000
7/05/2021,575,165.9544983,164.5805054,166.5444946,164.4535065,94206000
10/05/2021,576,164.1159973,159.5245056,164.1499939,159.5,116772000
11/05/2021,577,156.8139954,161.1954956,161.8999939,156.3684998,92396000
12/05/2021,578,159.25,157.5970001,160.3970032,156.6549988,98728000
13/05/2021,579,159.2734985,158.0735016,160.1920013,156.6499939,67018000
14/05/2021,580,159.2779999,161.1450043,161.4429932,159.1499939,66500000
17/05/2021,581,162.2964935,163.5195007,164.6374969,161.7295074,74478000
18/05/2021,582,164.6289978,161.6139984,165.6000061,161.5184937,56568000
19/05/2021,583,159.75,161.5899963,161.7375031,159.1999969,53594000
20/05/2021,584,162.2200012,162.3840027,162.9839935,161.8090057,52664000
21/05/2021,585,162.5,160.154007,162.8345032,159.8504944,82098000
24/05/2021,586,160.7749939,162.2494965,162.8975067,160.5249939,48456000
25/05/2021,587,163.3334961,162.9524994,163.9909973,160.6880035,65222000
26/05/2021,588,163.7295074,163.2579956,164.786499,162.9255066,47680000
27/05/2021,589,162.8000031,161.5054932,163.0180054,161.5019989,51224000
28/05/2021,590,162.1000061,161.1535034,162.3995056,160.9850006,46596000
1/06/2021,591,162.1750031,160.9324951,162.548996,160.4530029,48600000
2/06/2021,592,161.1549988,161.6994934,161.75,160.3999939,40290000
3/06/2021,593,160.2115021,159.3504944,160.7220001,159.2015076,47966000
4/06/2021,594,160.6000061,160.3110046,161.0500031,159.940506,44994000
7/06/2021,595,159.8665009,159.9004974,160.3999939,158.6100006,44316000
8/06/2021,596,161.1304932,163.2055054,163.9765015,160.9004974,68334000
9/06/2021,597,163.6434937,164.0574951,164.8789978,163.5350037,49110000
10/06/2021,598,164.1004944,167.4824982,167.5500031,164.0574951,69530000
11/06/2021,599,167.4824982,167.341507,168.3289948,166.6725006,56348000
14/06/2021,600,167.341507,169.1934967,169.25,166.7749939,51394000
15/06/2021,601,169.1999969,169.1564941,169.8495026,168.1555023,48524000
16/06/2021,602,169.6000061,170.7624969,171.3175049,168.0265045,84056000
17/06/2021,603,170.1589966,174.4620056,174.8600006,170.0500031,102730000
18/06/2021,604,173.9994965,174.3450012,175.3500061,173.6855011,104954000
21/06/2021,605,173.8209991,172.697998,174.1000061,171.6999969,65542000
22/06/2021,606,172.9029999,175.2720032,176.1889954,172.8045044,66902000
23/06/2021,607,175.25,175.1909943,176.0500031,174.1600037,56266000
24/06/2021,608,175.3820038,172.4539948,176.2429962,171.5424957,76640000
25/06/2021,609,173.1999969,170.072998,173.2409973,169.7089996,78820000
28/06/2021,610,170.8000031,172.1945038,172.3999939,170.6755066,44856000
29/06/2021,611,171.9409943,172.4069977,172.8014984,171.1515045,41968000
30/06/2021,612,172.0529938,172.0079956,173.5800018,171.75,48080000
1/07/2021,613,171.7304993,171.6484985,172.8500061,170.470993,40742000
2/07/2021,614,172.5820007,175.548996,175.5859985,171.845993,63388000
6/07/2021,615,176.5054932,183.7870026,184.2740021,176.4499969,134896000
7/07/2021,616,185.8690033,184.8289948,186.7100067,183.9454956,106562000
8/07/2021,617,182.1779938,186.5704956,187.9994965,181.0559998,103612000
9/07/2021,618,186.1260071,185.9669952,187.3999939,184.6699982,74964000
12/07/2021,619,187.1999969,185.9275055,187.864502,184.8394928,51432000
13/07/2021,620,185.1049957,183.8679962,188.654007,183.5659943,76918000
14/07/2021,621,185.4425049,184.0839996,185.8829956,183.0415039,65932000
15/07/2021,622,184.7100067,181.5599976,184.7700043,181.0460052,63706000
16/07/2021,623,181.6654968,178.6815033,182.3029938,178.522995,80874000
19/07/2021,624,176.6289978,177.4795074,177.510498,174.9579926,75692000
20/07/2021,625,178.3659973,178.6595001,179.6000061,175.8999939,65114000
21/07/2021,626,178.8190002,179.2599945,179.3224945,177.1820068,46380000
22/07/2021,627,179.361496,181.9015045,182.0010071,179.1134949,65308000
23/07/2021,628,182,182.8320007,183.3054962,181.102005,48726000
26/07/2021,629,183.658493,184.9909973,185.6040039,182.3625031,58002000
27/07/2021,630,184.9250031,181.3195038,184.9250031,179.3074951,82638000
28/07/2021,631,181.6889954,181.5160065,182.9210052,180.0500031,59988000
29/07/2021,632,181.3874969,179.9960022,181.8975067,179.0005035,110400000
30/07/2021,633,167.3975067,166.3795013,168.4069977,165.348999,199312000
2/08/2021,634,167.6549988,166.5740051,167.9459991,165.8500061,67078000
3/08/2021,635,167.0359955,168.3119965,169.5500031,164.9884949,83146000
4/08/2021,636,168.9674988,167.7359924,169.4440002,167.2779999,43678000
5/08/2021,637,167.8110046,168.7994995,169.4499969,167.0460052,48670000
6/08/2021,638,168.75,167.246994,168.75,166.4519958,52752000
9/08/2021,639,167.1804962,167.0935059,167.7440033,166.4259949,42964000
10/08/2021,640,167.2505035,166.0339966,167.8999939,165.75,48252000
11/08/2021,641,166.5724945,164.6054993,166.8849945,163.8894958,58944000
12/08/2021,642,164.5,165.1750031,165.7254944,163.4835052,46282000
13/08/2021,643,165.283493,164.6985016,165.3034973,164.1499939,41134000
16/08/2021,644,164.1499939,164.9494934,165,160.5565033,66394000
17/08/2021,645,163.875,162.0980072,164.0245056,161.2839966,67758000
18/08/2021,646,162.0995026,160.0610046,162.7050018,160,56086000
19/08/2021,647,159.701004,159.3874969,161.6499939,159.1230011,75658000
20/08/2021,648,160.1934967,159.9974976,160.3905029,158.7879944,67168000
23/08/2021,649,160.5950012,163.2935028,164.0449982,160.5005035,65362000
24/08/2021,650,164,165.2890015,165.7745056,163.7290039,51036000
25/08/2021,651,165.4934998,164.9589996,166.0500031,164.3074951,33606000
26/08/2021,652,164.9499969,165.8000031,166.6000061,164.8000031,41976000
27/08/2021,653,166.661499,167.4815063,167.6159973,165.6875,48048000
30/08/2021,654,167.8715057,171.0785065,172.25,167.7610016,63844000
31/08/2021,655,171.2400055,173.539505,173.6289978,169.7794952,87128000
1/09/2021,656,174.8200073,173.9499969,176.3500061,173.7619934,72598000
2/09/2021,657,174.7380066,173.1560059,175.5980072,172.75,58474000
3/09/2021,658,172.6000061,173.9024963,174.1334991,171.8220062,51514000
7/09/2021,659,173.8999939,175.4644928,176.4044952,173.8470001,54758000
8/09/2021,660,175.5825043,176.2749939,177.2814941,174.783493,61068000
9/09/2021,661,176.3009949,174.2079926,177.4994965,174.0184937,54384000
10/09/2021,662,175.091507,173.4575043,175.4225006,173.1454926,47946000
13/09/2021,663,174.1399994,172.8585052,174.897995,171.8999939,51380000
14/09/2021,664,173.7774963,172.5,174.3404999,171.885498,38738000
15/09/2021,665,172.1260071,173.789505,174.2709961,170.1004944,59150000
16/09/2021,666,172.9980011,174.4120026,174.6275024,172.3070068,51672000
17/09/2021,667,174.4205017,173.1260071,174.8704987,172.6065063,92332000
20/09/2021,668,169.8000031,167.786499,170.9499969,165.2505035,93382000
21/09/2021,669,168.75,167.1815033,168.9850006,166.6195068,55618000
22/09/2021,670,167.5500031,169.0025024,169.4499969,167.0525055,48228000
23/09/2021,671,169.0025024,170.8000031,171.447998,169.0025024,47588000
24/09/2021,672,170.1004944,171.276001,171.4629974,169.6699982,42324000
27/09/2021,673,168.5749969,170.2899933,170.7785034,166.9804993,72690000
28/09/2021,674,167.885498,165.7980042,168.4595032,164.5050049,88616000
29/09/2021,675,166.1054993,165.0559998,167.5650024,164.8934937,51246000
30/09/2021,676,165.8000031,164.2519989,166.3925018,163.6994934,56848000
1/10/2021,677,164.4505005,164.1629944,165.4584961,162.7969971,56712000
4/10/2021,678,163.9694977,159.4889984,163.9994965,158.8125,90462000
5/10/2021,679,160.2250061,161.0500031,163.036499,160.1230011,65384000
6/10/2021,680,160.6764984,163.1004944,163.2169952,159.9309998,50660000
7/10/2021,681,164.5769958,165.1215057,166.2875061,164.1529999,48182000
8/10/2021,682,165.8500061,164.4309998,166.0715027,164.4100037,39964000
11/10/2021,683,163.75,162.3150024,164.6295013,161.9049988,40684000
12/10/2021,684,162.8500061,162.3665009,163.3764954,161.8139954,36392000
13/10/2021,685,163.4855042,164.2140045,164.4190063,163.0545044,48402000
14/10/2021,686,165.1224976,164.9929962,165.6300049,164.5390015,42190000
15/10/2021,687,165.5709991,170.451004,170.5209961,165.1999969,103598000
18/10/2021,688,169.4179993,172.3370056,172.4584961,169.2550049,63482000
19/10/2021,689,171.7144928,172.2075043,172.7344971,171.1000061,47722000
20/10/2021,690,172.6329956,170.753006,173.1430054,170.0184937,42796000
21/10/2021,691,170.7124939,171.7505035,172.0140076,170.1499939,37628000
22/10/2021,692,171.0500031,166.7774963,171.4920044,166.5650024,62782000
25/10/2021,693,166.75,166.0184937,167.3899994,164.8849945,44520000
26/10/2021,694,167.4754944,168.8034973,170.8059998,167.1990051,53966000
27/10/2021,695,169.3999939,169.6244965,171.8500061,168.5724945,54044000
28/10/2021,696,170.1049957,172.3285065,173.9499969,169.3000031,114174000
29/10/2021,697,165.0010071,168.6215057,168.7409973,163.6660004,129722000
1/11/2021,698,168.0899963,165.9055023,168.7929993,164.6009979,72178000
2/11/2021,699,165.7505035,165.6374969,166.5559998,164.1775055,52552000
3/11/2021,700,165.4499969,169.1999969,169.7460022,164.8760071,67944000
4/11/2021,701,168.5,173.8500061,174.9315033,168.25,107060000
5/11/2021,702,173.8500061,175.9494934,178.3125,173.848999,99940000
8/11/2021,703,176.1620026,174.4490051,178.9499969,174.3930054,61480000
9/11/2021,704,175.7624969,178.8114929,179.6885071,175.0715027,85898000
10/11/2021,705,178.1934967,174.1024933,180.2725067,173.1544952,80548000
11/11/2021,706,175.6499939,173.625,177.1620026,173.3735046,45288000
12/11/2021,707,174.25,176.2575073,177.036499,172.3524933,53788000
15/11/2021,708,176.8500061,177.2839966,179.6940002,176.2904968,58594000
16/11/2021,709,176.9499969,177.0350037,178.8249969,176.2575073,44342000
17/11/2021,710,178.2359924,177.4499969,179.3625031,177.2675018,51206000
18/11/2021,711,178.3175049,184.8029938,185.2100067,178.0500031,114070000
19/11/2021,712,185.6345062,183.8285065,188.1074982,183.7859955,98734000
22/11/2021,713,183.8190002,178.6284943,185.6730042,178.375,96844000
23/11/2021,714,179.2519989,179.0019989,181.0525055,176.385498,73804000
24/11/2021,715,178.1334991,179.0204926,180.6820068,176.8424988,46560000
26/11/2021,716,180.1049957,175.2279968,181.6750031,175.2075043,59826000
29/11/2021,717,177.3820038,178.0785065,179.8000031,176.5749969,65312000
30/11/2021,718,178.1750031,175.3535004,179.2884979,174.6004944,80022000
1/12/2021,719,177.25,172.1860046,177.9940033,172.0800018,74916000
2/12/2021,720,173,171.8679962,174.6349945,171.1875,64726000
3/12/2021,721,172.75,169.489502,173.4934998,166.9299927,80712000
6/12/2021,722,169.6499939,171.3684998,173.6954956,166.934494,68860000
7/12/2021,723,174.6000061,176.164505,177.4994965,173.3345032,66410000
8/12/2021,724,176.1504974,176.1580048,177.1799927,174.7505035,45254000
9/12/2021,725,175.75,174.1710052,176.9694977,174.1394958,46062000
10/12/2021,726,175.4170074,172.2120056,175.927002,170.5,60690000
13/12/2021,727,172,169.5675049,172.1000061,169.1300049,62170000
14/12/2021,728,167.5500031,169.091507,169.4989929,166.4400024,55976000
15/12/2021,729,168.5980072,173.3150024,173.6000061,165.1950073,75794000
16/12/2021,730,173.3684998,168.8710022,174.1660004,168.1605072,60876000
17/12/2021,731,167.710495,170.0175018,170.8984985,165.6134949,85542000
20/12/2021,732,166.8500061,167.0789948,167.8744965,165.6000061,57372000
21/12/2021,733,167.8504944,170.4170074,170.716507,165.6475067,55956000
22/12/2021,734,169.2700043,171.0370026,172.0500031,168.5005035,55036000
23/12/2021,735,170.4279938,171.0684967,171.9750061,170.1499939,36788000
27/12/2021,736,171.0370026,169.6694946,172.9429932,169.2154999,58688000
28/12/2021,737,170.1824951,170.6609955,172.1759949,169.135498,54638000
29/12/2021,738,170.8399963,169.201004,171.2120056,168.6004944,35754000
30/12/2021,739,169.6999969,168.6445007,170.8880005,168.5240021,37584000
31/12/2021,740,168.9559937,166.7169952,169.3500061,166.5585022,47830000
3/01/2022,741,167.5500031,170.4044952,170.7035065,166.1605072,63520000
4/01/2022,742,170.4380035,167.5220032,171.3999939,166.3495026,70726000
5/01/2022,743,166.8829956,164.3569946,167.1264954,164.3569946,64302000
6/01/2022,744,163.4505005,163.2539978,164.8000031,161.9369965,51958000
7/01/2022,745,163.8390045,162.5540009,165.2434998,162.0310059,46606000
10/01/2022,746,160.585495,161.4859924,161.661499,156.3045044,87798000
11/01/2022,747,161.5,165.3619995,166.3500061,160.7015076,62806000
12/01/2022,748,166.5749969,165.2070007,166.878006,164.4170074,50030000
13/01/2022,749,165.2505035,161.2140045,166.2214966,161.0910034,52188000
14/01/2022,750,160.1499939,162.1380005,162.25,159.8005066,45974000
18/01/2022,751,159.1049957,158.9174957,159.7344971,157.664505,67292000
19/01/2022,752,158.7619934,156.298996,159.25,156.25,53242000
20/01/2022,753,156.7660065,151.6674957,158,151.3509979,71974000
21/01/2022,754,149.9499969,142.6430054,150.8999939,142.0704956,163972000
24/01/2022,755,139,144.5440063,144.9450073,135.352005,155624000
25/01/2022,756,142.2424927,139.9859924,143.6000061,138.1450043,90824000
26/01/2022,757,144.75,138.8724976,145.1849976,137.3184967,95602000
27/01/2022,758,140.8000031,139.6374969,144.2434998,139.3500061,77516000
28/01/2022,759,140.8605042,143.9779968,143.9980011,137.9295044,74392000
31/01/2022,760,144.75,149.5735016,150.3605042,144.3005066,78308000
1/02/2022,761,150,151.1934967,151.7079926,147.6275024,59220000
2/02/2022,762,155.0505066,150.6125031,155.0749969,148.8634949,87330000
3/02/2022,763,141.7375031,138.8455048,144.2474976,138.3329926,225532000
4/02/2022,764,155.6065063,157.6394958,161.1999969,150.6080017,253456000
7/02/2022,765,158.5200043,157.9355011,162.6909943,157.25,102624000
8/02/2022,766,156.7505035,161.4134979,161.7924957,155.5505066,76040000
9/02/2022,767,162.8735046,161.1894989,163.8345032,160.25,68786000
10/02/2022,768,158.3500061,159.0034943,160.716507,157.75,68268000
11/02/2022,769,158.1345062,153.2935028,159,152.7339935,77100000
14/02/2022,770,151.7510071,155.1670074,158.4485016,151.6499939,83230000
15/02/2022,771,157.6054993,156.510498,158.0070038,154.6374969,56440000
16/02/2022,772,155.7904968,158.1004944,158.8339996,154.7344971,52704000
17/02/2022,773,158.1459961,154.6524963,160.348999,154.5,64032000
18/02/2022,774,155.4994965,152.6015015,155.4994965,150.8930054,63604000
22/02/2022,775,150.4785004,150.1974945,152.9824982,148.4855042,66128000
23/02/2022,776,151.6504974,144.8269958,151.7630005,144.651001,64244000
24/02/2022,777,139.8374939,151.3580017,151.7489929,139.5,100786000
25/02/2022,778,150.5500031,153.7884979,153.9900055,149.213501,62396000
28/02/2022,779,152.4250031,153.5630035,154.4499969,150.8500061,57684000
1/03/2022,780,152.7324982,151.1419983,154.098999,149.977005,44874000
2/03/2022,781,150.848999,152.0525055,152.9994965,148.75,47334000
3/03/2022,782,153.5314941,147.8984985,153.9290009,146.8560028,65198000
4/03/2022,783,147.1589966,145.6410065,147.8500061,143.8070068,60934000
7/03/2022,784,145.4434967,137.4530029,146.0944977,137.4165039,86934000
8/03/2022,785,136.6835022,136.0144958,140.6994934,133.5724945,91662000
9/03/2022,786,139.5,139.279007,140.25,136.8280029,82656000
10/03/2022,787,145.6849976,146.8175049,148.6744995,143.9779968,135062000
11/03/2022,788,149.5744934,145.5245056,149.6750031,145.3690033,68900000
14/03/2022,789,145.9810028,141.8529968,147.4499969,140.8840027,74086000
15/03/2022,790,142.8500061,147.3665009,147.9850006,142,75584000
16/03/2022,791,148.5,153.1040039,153.1499939,147.3535004,84958000
17/03/2022,792,152.6405029,157.2389984,157.4985046,152.1399994,72934000
18/03/2022,793,156.8130035,161.2505035,161.5939941,156.0110016,102962000
21/03/2022,794,161.1210022,161.4915009,163.0839996,159.5529938,66538000
22/03/2022,795,161.8054962,164.8890076,166.1670074,161.6990051,64086000
23/03/2022,796,163.7050018,163.4080048,166.3699951,162.6869965,55812000
24/03/2022,797,163.7494965,163.6495056,164.1184998,160.0500031,56798000
25/03/2022,798,164,164.7734985,165.3684998,162.25,49032000
28/03/2022,799,164.9750061,168.9904938,169.0375061,164.8999939,59854000
29/03/2022,800,170.3840027,169.3150024,170.8314972,167.8684998,66154000
30/03/2022,801,168.5095062,166.3009949,168.9505005,165.5,56168000
31/03/2022,802,166.4450073,162.9974976,166.4949951,162.9535065,59966000
1/04/2022,803,164.1495056,163.5599976,165.8269958,162.3195038,57090000
4/04/2022,804,164.125,168.3464966,168.3945007,163.2055054,49882000
5/04/2022,805,167.7415009,164.0549927,168.1105042,163.2660065,53728000
6/04/2022,806,161.6504974,158.7559967,162.1999969,157.2545013,79056000
7/04/2022,807,158.3999939,157.7845001,160.0789948,154.5115051,68136000
8/04/2022,808,156.75,154.460495,157.3684998,154.2310028,46002000
11/04/2022,809,152.7129974,151.121994,154.1365051,150.5345001,52112000
12/04/2022,810,153.6925049,150.7875061,155.098999,150.3829956,55178000
13/04/2022,811,150.0184937,155.5410004,156.0249939,149.6000061,53390000
14/04/2022,812,155.3899994,151.7064972,155.8970032,151.4720001,51598000
18/04/2022,813,151.5234985,152.7850037,154.039505,150.2505035,46514000
19/04/2022,814,152.0294952,158.1154938,158.6490021,151.5505066,54926000
20/04/2022,815,157.6024933,153.9980011,157.6024933,153.6035004,59630000
21/04/2022,816,154.7140045,148.2960052,156.7380066,147.5894928,63970000
22/04/2022,817,148.25,144.3500061,149.6150055,143.6974945,73078000
25/04/2022,818,144.022995,146.0740051,146.2214966,142.3065033,61874000
26/04/2022,819,144.8000031,139.3910065,144.8560028,138.9295044,77530000
27/04/2022,820,140.1914978,138.1670074,141.9485016,135.783493,71336000
28/04/2022,821,142.1779938,144.5964966,145.9375,140.3000031,117316000
29/04/2022,822,129.848999,124.2815018,130.7610016,121.625,272662000
2/05/2022,823,122.401001,124.5,124.6679993,118.375,148788000
3/05/2022,824,124.0534973,124.2535019,126.2204971,122.8249969,79134000
4/05/2022,825,123.5999985,125.9284973,126,119.1829987,110746000
5/05/2022,826,123,116.4069977,123.4990005,115.0725021,144392000
6/05/2022,827,114.8499985,114.7724991,119.050499,113.0814972,124260000
9/05/2022,828,111.3125,108.7890015,114,107.9570007,128124000
10/05/2022,829,111.25,108.8590012,112.6425018,107.1709976,105434000
11/05/2022,830,108.1035004,105.3720016,110.1559982,104.4284973,109704000
12/05/2022,831,102.75,106.9304962,110.7805023,102.4055023,132026000
13/05/2022,832,109.0690002,113.0550003,113.1839981,107.8000031,93684000
16/05/2022,833,113.0999985,110.8105011,113.9925003,110.3539963,74566000
17/05/2022,834,113.2750015,115.3684998,115.8000031,111.2764969,76448000
18/05/2022,835,111.4394989,107.1125031,112.8529968,106.2490005,108380000
19/05/2022,836,106.2805023,107.3190002,110.0339966,106.1930008,88142000
20/05/2022,837,109.5684967,107.5910034,109.8980026,105.0094986,99500000
23/05/2022,838,108.4609985,107.5569992,108.8190002,103.9499969,107798000
24/05/2022,839,104.0250015,104.0999985,105.4000015,101.2600021,102934000
25/05/2022,840,103.6555023,106.7750015,108.1750031,103.6500015,93120000
26/05/2022,841,107.9700012,111.0774994,112.6654968,107.4534988,93002000
27/05/2022,842,113.5500031,115.1464996,115.1869965,112.6279984,93660000
31/05/2022,843,116.2799988,120.2095032,121.9944992,115.6750031,144634000
1/06/2022,844,122.2559967,121.6839981,125.1790009,120.6224976,127528000
2/06/2022,845,121.6839981,125.5110016,125.6100006,120.0449982,100560000
3/06/2022,846,124.1999969,122.3499985,124.4000015,121.0465012,97604000
6/06/2022,847,125.25,124.7900009,128.9900055,123.8099976,135269000
7/06/2022,848,122.0100021,123,124.0999985,120.6299973,85156700
8/06/2022,849,122.6100006,121.1800003,123.75,120.75,64926600
9/06/2022,850,119.9899979,116.1500015,121.3000031,116.0999985,67029800
10/06/2022,851,113.4199982,109.6500015,114.5,109.0500031,87266000
13/06/2022,852,104.1900024,103.6699982,106.5400009,101.8600006,99277700
14/06/2022,853,104.1900024,102.3099976,104.8799973,101.4300003,69728800
15/06/2022,854,103.8600006,107.6699982,109.0599976,103.5299988,85011100
16/06/2022,855,104.4700012,103.6600037,104.5800018,102.0100021,82186300
17/06/2022,856,102.8000031,106.2200012,106.9800034,102.5100021,99772100
21/06/2022,857,108.1999969,108.6800003,111.6299973,103.5599976,70901200
22/06/2022,858,107.4300003,108.9499969,112.1299973,107.0199966,60040100
23/06/2022,859,110.3899994,112.4400024,113,107.9300003,64345300
24/06/2022,860,112.3799973,116.4599991,116.7099991,111.4300003,69867600
27/06/2022,861,117.0899963,113.2200012,117.9800034,112.6999969,62133200
28/06/2022,862,113.5,107.4000015,114.8499985,107.0400009,74942900
29/06/2022,863,107.3799973,108.9199982,110.9899979,106.9100037,66375300
30/06/2022,864,108.1100006,106.2099991,108.1800003,102.5199966,97679400
1/07/2022,865,106.2900009,109.5599976,109.75,105.8499985,73021200
5/07/2022,866,107.5999985,113.5,114.0800018,106.3199997,76583700
6/07/2022,867,113.2099991,114.3300018,115.4800034,112.0100021,66958900
7/07/2022,868,113.8499985,116.3300018,116.9899979,113.4899979,57872300
8/07/2022,869,114.5999985,115.5400009,116.5800018,113.6900024,45719700
11/07/2022,870,114.0800018,111.75,114.3000031,110.8700027,53487600
12/07/2022,871,112.1600037,109.2200012,113.2300034,108.3399963,54280300
13/07/2022,872,107.0299988,110.4000015,111.7799988,106.0100021,61353800
14/07/2022,873,110.2399979,110.6299973,111.1800003,107.5800018,51163100
15/07/2022,874,112.5,113.5500031,115.5899963,111.5899963,84317800
18/07/2022,875,115,113.7600021,117.2399979,113.1500015,59115400
19/07/2022,876,115.6999969,118.2099991,118.9499969,114.0299988,60990000
20/07/2022,877,118.6200027,122.7699966,123.4800034,118.3199997,71268300
21/07/2022,878,123.1999969,124.6299973,124.8499985,121.2600021,60239900
22/07/2022,879,125.0100021,122.4199982,125.5,121.3499985,51463800
25/07/2022,880,122.6999969,121.1399994,123.6399994,120.0299988,50221300
26/07/2022,881,115.7900009,114.8099976,118.1500015,114.5299988,67075100
27/07/2022,882,117.3099976,120.9700012,121.9000015,117.1600037,61582000
28/07/2022,883,121.5699997,122.2799988,122.8399963,118.0800018,82245500
29/07/2022,884,134.8999939,134.9499969,137.6499939,132.4100037,148892900
1/08/2022,885,134.9600067,135.3899994,138.8300018,133.5099945,76846900
2/08/2022,886,134.7200012,134.1600037,137.4400024,134.0899963,61922400
3/08/2022,887,136.2100067,139.5200043,140.4900055,136.0500031,71827800
4/08/2022,888,140.5800018,142.5700073,143.5599976,139.5500031,70585000
5/08/2022,889,140.1000061,140.8000031,142.8600006,139.6000061,50686900
8/08/2022,890,142.0500031,139.4100037,144.2299957,138.2899933,52229000
9/08/2022,891,138.0500031,137.8300018,138.9499969,136.2100067,40434700
10/08/2022,892,142.8999939,142.6900024,144.6000061,141.0099945,54773800
11/08/2022,893,143.8600006,140.6399994,144.4900055,139.7599945,44867300
12/08/2022,894,142.0500031,143.5500031,143.5700073,140.1199951,47643500
15/08/2022,895,142.8000031,143.1799927,143.7599945,141.4900055,39014600
16/08/2022,896,143.9100037,144.7799988,146.5700073,142,59102900
17/08/2022,897,142.6900024,142.1000061,143.3800049,140.7799988,48149800
18/08/2022,898,141.3200073,142.3000031,142.7700043,140.3800049,37458700
19/08/2022,899,140.4700012,138.2299957,141.1100006,137.9100037,47792800
22/08/2022,900,135.7200012,133.2200012,136.3200073,132.8500061,50461500
23/08/2022,901,133.4100037,133.6199951,134.9900055,132.9499969,36252100
24/08/2022,902,132.75,133.8000031,135.4700012,132.1000061,38627000
25/08/2022,903,135.2599945,137.2799988,137.4199982,134.2799988,37496300
26/08/2022,904,136.5500031,130.75,137.8300018,130.5,53322700
29/08/2022,905,129.8999939,129.7899933,131.9499969,128.7700043,48101600
30/08/2022,906,131.25,128.7299957,132.0700073,126.8499985,49203000
31/08/2022,907,129.4499969,126.7699966,130.5899963,126.7399979,53648700
1/09/2022,908,126,127.8199997,128.0200043,123.6600037,56636100
2/09/2022,909,129.5,127.5100021,131.3800049,126.3899994,57429800
6/09/2022,910,127.9199982,126.1100006,128.6199951,124.7399979,43888600
7/09/2022,911,126.1200027,129.4799957,129.8200073,125.4000015,47900300
8/09/2022,912,127.7200012,129.8200073,130.2799988,127.0999985,43988500
9/09/2022,913,130.9100037,133.2700043,133.6900024,130.7599945,49387600
12/09/2022,914,134.1000061,136.4499969,136.4900055,134,53826900
13/09/2022,915,131.0099945,126.8199997,131.3999939,126.2699966,72694000
14/09/2022,916,127.3600006,128.5500031,128.8399963,126.3300018,45316800
15/09/2022,917,127.3799973,126.2799988,130.3699951,125.5,52887200
16/09/2022,918,122.7799988,123.5299988,123.8700027,120.6999969,115667800
19/09/2022,919,122.1600037,124.6600037,124.7099991,121.8000031,47279700
20/09/2022,920,123.3499985,122.1900024,124.4000015,121.1399994,47698400
21/09/2022,921,122.4899979,118.5400009,123.7600021,118.4499969,58498900
22/09/2022,922,117.0800018,117.3099976,118.7900009,116.2600021,55229200
23/09/2022,923,116,113.7799988,116.0500031,112.0599976,65126700
26/09/2022,924,113.3000031,115.1500015,117.3399963,113.1299973,62723300
27/09/2022,925,117.1999969,114.4100037,118.3199997,113.0500031,60094700
28/09/2022,926,114.3799973,118.0100021,118.6999969,113.8000031,55763800
29/09/2022,927,115.5999985,114.8000031,116.0699997,113.0599976,58969700
30/09/2022,928,114.0800018,113,116.9199982,112.8399963,59479600
3/10/2022,929,113.5800018,115.8799973,116.9100037,112.4499969,50941900
4/10/2022,930,119.8899994,121.0899963,123,119.7900009,62812600
5/10/2022,931,118.5800018,120.9499969,121.75,117.6900024,48217500
6/10/2022,932,120.7699966,120.3000031,121.5299988,119.5,42253800
7/10/2022,933,118,114.5599976,118.1699982,113.8799973,54678000
10/10/2022,934,115.0999985,113.6699982,116.25,112.4300003,42339700
11/10/2022,935,112.7099991,112.2099991,115.4800034,110.3899994,56432200
12/10/2022,936,112.4899979,112.9000015,113.8300018,111.4000015,45728700
13/10/2022,937,107.8799973,112.5299988,113.4400024,105.3499985,86868100
14/10/2022,938,114.0999985,106.9000015,114.9599991,106.5999985,67737300
17/10/2022,939,110.1100006,113.7900009,114.1900024,110.0899963,62782000
18/10/2022,940,119.0599976,116.3600006,119.5199966,114.7900009,65607400
19/10/2022,941,114.7099991,115.0699997,116.5899963,113.2200012,47198100
20/10/2022,942,113.8300018,115.25,118.2399979,113.5100021,48795100
21/10/2022,943,114.7900009,119.3199997,119.5899963,114.5,55660500
24/10/2022,944,119.9800034,119.8199997,120.3899994,116.5699997,49531500
25/10/2022,945,119.6500015,120.5999985,121.3199997,118.9499969,50934600
26/10/2022,946,116,115.6600037,119.3499985,114.7600021,68802300
27/10/2022,947,113.9199982,110.9599991,114.1200027,109.7699966,129605400
28/10/2022,948,97.91000366,103.4100037,103.9599991,97.66000366,223133400
31/10/2022,949,103.5599976,102.4400024,104.8700027,100.7399979,99251400
1/11/2022,950,103.9899979,96.79000092,104.5800018,96.05999756,153370000
2/11/2022,951,97.31999969,92.12000275,97.73999786,92.01000214,135761800
3/11/2022,952,92.47000122,89.30000305,93.5,89.01999664,136683300
4/11/2022,953,91.48999786,90.98000336,92.44000244,88.04000092,129101300
7/11/2022,954,91.94999695,90.52999878,92.09999847,89.04000092,77495700
8/11/2022,955,90.79000092,89.98000336,91.72000122,88.23000336,88703400
9/11/2022,956,89.47000122,86.13999939,89.48000336,85.87000275,90796200
10/11/2022,957,92.94000244,96.62999725,98.69000244,91.65000153,173414900
11/11/2022,958,97.87999725,100.7900009,101.1900024,96.66000366,111590500
14/11/2022,959,98.76999664,98.48999786,100.1200027,97.29000092,99533100
15/11/2022,960,103.2099991,98.94000244,103.7900009,97.33999634,111336300
16/11/2022,961,96.84999847,97.12000275,98.48999786,95.54000092,87958800
17/11/2022,962,95.37000275,94.84999847,96.97000122,94.02999878,82617900
18/11/2022,963,95.94999695,94.13999939,95.98999786,92.48000336,72428200
21/11/2022,964,93.97000122,92.45999908,95.01999664,90.58999634,84330300
22/11/2022,965,92.62000275,93.19999695,93.34999847,90.87000275,62192000
23/11/2022,966,93.23999786,94.12999725,94.58000183,92.83000183,59414700
25/11/2022,967,93.79000092,93.41000366,94.43000031,93.06999969,35088600
28/11/2022,968,93.93000031,93.94999695,96.40000153,93.43000031,74943100
29/11/2022,969,94.04000092,92.41999817,94.41000366,91.44000244,65567300
30/11/2022,970,92.47000122,96.54000092,96.54000092,91.52999878,102805800
1/12/2022,971,96.98999786,95.5,97.23000336,94.91999817,68488000
2/12/2022,972,94.48000336,94.12999725,95.36000061,93.77999878,72496400
5/12/2022,973,93.05000305,91.01000214,94.05999756,90.81999969,71535500
6/12/2022,974,90.5,88.25,91.04000092,87.90000153,75503600
7/12/2022,975,88.33999634,88.45999908,89.88999939,87.48000336,68086900
8/12/2022,976,89.23999786,90.34999847,90.86000061,87.87999725,73305900
9/12/2022,977,88.90000153,89.08999634,90.30000305,88.62999725,67398500
12/12/2022,978,89.20999908,90.55000305,90.58000183,87.87000275,61999800
13/12/2022,979,95.23000336,92.48999786,96.25,90.51999664,100212000
14/12/2022,980,92.5,91.58000183,93.45999908,89.87000275,70298000
15/12/2022,981,89.88999939,88.44999695,89.97000122,87.47000122,84802900
16/12/2022,982,88.26999664,87.86000061,89.34999847,86.73000336,146144100
19/12/2022,983,87.51000214,84.91999817,87.62999725,84.51000214,83531500
20/12/2022,984,85.33000183,85.19000244,86.61000061,84.33000183,74348300
21/12/2022,985,86.18000031,86.76999664,87.23000336,85.20999908,59267200
22/12/2022,986,85.51999664,83.79000092,85.68000031,82.25,81431300
23/12/2022,987,83.25,85.25,85.77999878,82.93000031,57433700
27/12/2022,988,84.97000122,83.04000092,85.34999847,83,57284000
28/12/2022,989,82.80000305,81.81999969,83.48000336,81.69000244,58228600
29/12/2022,990,82.87000275,84.18000031,84.55000305,82.55000305,54995900
30/12/2022,991,83.12000275,84,84.05000305,82.47000122,62401200
3/01/2023,992,85.45999908,85.81999969,86.95999908,84.20999908,76706000
4/01/2023,993,86.55000305,85.13999939,86.98000336,83.36000061,68885100
5/01/2023,994,85.33000183,83.12000275,85.41999817,83.06999969,67930800
6/01/2023,995,83.02999878,86.08000183,86.40000153,81.43000031,83303400
9/01/2023,996,87.45999908,87.36000061,89.48000336,87.08000183,65266100
10/01/2023,997,87.56999969,89.87000275,90.19000244,87.29000092,67756600
11/01/2023,998,90.93000031,95.08999634,95.26000214,90.93000031,103126200
12/01/2023,999,96.93000031,95.26999664,97.19000244,93.5,85254800
